team,year,name,country,state,district,rookie_year,district_points,district_rank,epa.total_points.mean,epa.total_points.sd,epa.unitless,epa.norm,epa.conf,epa.breakdown.total_points,epa.breakdown.auto_points,epa.breakdown.teleop_points,epa.breakdown.endgame_points,epa.breakdown.energized_rp,epa.breakdown.supercharged_rp,epa.breakdown.traversal_rp,epa.breakdown.tiebreaker_points,epa.breakdown.auto_fuel,epa.breakdown.auto_tower,epa.breakdown.transition_fuel,epa.breakdown.first_shift_fuel,epa.breakdown.second_shift_fuel,epa.breakdown.teleop_fuel,epa.breakdown.endgame_fuel,epa.breakdown.endgame_tower,epa.breakdown.total_fuel,epa.breakdown.total_tower,epa.breakdown.rp_1,epa.breakdown.rp_2,epa.breakdown.rp_3,epa.stats.start,epa.stats.pre_champs,epa.stats.max,epa.ranks.total.rank,epa.ranks.total.percentile,epa.ranks.total.team_count,epa.ranks.country.rank,epa.ranks.country.percentile,epa.ranks.country.team_count,epa.ranks.state.rank,epa.ranks.state.percentile,epa.ranks.state.team_count,epa.ranks.district.rank,epa.ranks.district.percentile,epa.ranks.district.team_count,record.wins,record.losses,record.ties,record.count,record.winrate,competing.this_week,competing.next_event_key,competing.next_event_name,competing.next_event_week
188,2026,Blizzard,Canada,ON,ont,1998,201.0,20.0,107.02,30.43,1668.0,1616.0,"[-0.92, 0.83]",107.02,20.62,57.05,29.35,0.2912,0.0881,-0.34015,107.02,20.37,0.26,3.77,28.21,25.07,57.05,29.88,-0.53,107.3,-0.28,0.2912,0.0881,-0.34015,70.38,107.02,145.12,494,0.8673,3724,36,0.8054,185,32,0.7311,119,32,0.7311,119,30,20,0,50,0.6,True,2026cmptx,FIRST Championship - FIRST Robotics Competition,8.0
238,2026,Crusaders,USA,NH,ne,1999,235.0,13.0,192.32,24.28,1895.0,1749.0,"[-0.8, 0.95]",192.32,38.53,104.23,49.56,0.5209,0.3936,-0.34013,192.32,38.74,-0.21,10.26,48.51,45.46,104.23,49.66,-0.1,192.64,-0.32,0.5209,0.3936,-0.34013,40.06,192.32,192.32,79,0.9788,3724,62,0.9789,2944,3,0.94,50,11,0.945,200,40,11,0,51,0.7843,True,2026cmptx,FIRST Championship - FIRST Robotics Competition,8.0
401,2026,Copperhead Robotics,USA,VA,fch,2000,233.0,8.0,125.55,24.64,1717.0,1647.0,"[-0.78, 0.98]",125.55,30.88,72.38,22.29,0.301,0.06,-0.34004,125.55,30.58,0.31,10.18,33.66,28.54,72.38,21.93,0.36,124.88,0.67,0.301,0.06,-0.34004,55.79,125.55,128.26,348,0.9066,3724,289,0.9018,2944,10,0.8611,72,17,0.8547,117,33,22,0,55,0.6,False,2026cmptx,FIRST Championship - FIRST Robotics Competition,8.0
494,2026,Martians,USA,MI,fim,2001,177.0,67.0,147.95,27.62,1777.0,1673.0,"[-0.91, 0.85]",147.95,26.03,85.68,36.23,0.5687,0.2654,-0.34041,147.95,25.51,0.52,5.76,44.27,35.65,85.68,37.81,-1.58,149.01,-1.06,0.5687,0.2654,-0.34041,70.47,147.95,157.07,211,0.9433,3724,175,0.9406,2944,30,0.9434,530,30,0.9434,530,30,18,0,48,0.625,True,2026cmptx,FIRST Championship - FIRST Robotics Competition,8.0
503,2026,Frog Force,USA,MI,fim,2001,222.0,33.0,162.05,26.98,1815.0,1695.0,"[-0.9, 0.85]",162.05,29.06,90.63,42.36,0.692,0.2172,-0.27598,162.05,29.03,0.04,13.86,43.15,33.62,90.63,39.09,3.26,158.75,3.3,0.692,0.2172,-0.27598,61.83,162.05,175.96,162,0.9565,3724,131,0.9555,2944,23,0.9566,530,23,0.9566,530,44,22,0,66,0.6667,True,2026cmptx,FIRST Championship - FIRST Robotics Competition,8.0
540,2026,TALON 540 Godwin Robotics,USA,VA,fch,2001,187.0,18.0,115.64,22.32,1691.0,1632.0,"[-0.83, 0.93]",115.64,19.2,64.16,32.27,0.4735,0.1262,-0.34009,115.64,19.27,-0.07,11.64,25.13,27.39,64.16,32.3,-0.02,115.73,-0.09,0.4735,0.1262,-0.34009,37.74,115.64,124.21,417,0.888,3724,350,0.8811,2944,13,0.8194,72,22,0.812,117,30,21,0,51,0.5882,False,2026cmptx,FIRST Championship - FIRST Robotics Competition,8.0
573,2026,Mech Warriors,USA,MI,fim,2001,138.0,94.0,61.65,24.61,1547.0,1533.0,"[-1.01, 0.73]",61.65,4.95,32.11,24.58,0.1786,-0.1341,-0.27409,61.65,5.87,-0.92,3.22,15.36,13.53,32.11,23.12,1.46,61.1,0.54,0.1786,-0.1341,-0.27409,50.12,61.65,87.27,1074,0.7116,3724,893,0.6967,2944,167,0.6849,530,167,0.6849,530,20,24,0,44,0.4545,True,2026cmptx,FIRST Championship - FIRST Robotics Competition,8.0
581,2026,Blazing Bulldogs,USA,CA,ca,2001,225.0,18.0,209.89,23.94,1942.0,1780.0,"[-0.87, 0.89]",209.89,44.1,117.87,47.92,0.6702,0.5047,-0.34004,209.89,44.02,0.08,17.41,52.59,47.88,117.87,48.1,-0.18,209.99,-0.1,0.6702,0.5047,-0.34004,94.6,209.89,212.53,49,0.9868,3724,38,0.9871,2944,8,0.9725,291,8,0.9725,291,36,14,0,50,0.72,False,2026cmptx,FIRST Championship - FIRST Robotics Competition,8.0
761,2026,TechPUPS,USA,IN,fin,2002,224.0,7.0,125.5,17.56,1717.0,1647.0,"[-0.79, 0.96]",125.5,23.75,69.69,32.06,0.3889,-0.0606,-0.34015,125.5,23.59,0.16,7.16,36.26,26.27,69.69,32.73,-0.67,126.01,-0.51,0.3889,-0.0606,-0.34015,23.74,125.5,125.5,350,0.906,3724,291,0.9012,2944,10,0.8529,68,10,0.8529,68,32,19,0,51,0.6275,True,2026cmptx,FIRST Championship - FIRST Robotics Competition,8.0
910,2026,The Foley Freeze,USA,MI,fim,2002,149.0,87.0,89.67,20.29,1622.0,1585.0,"[-0.87, 0.88]",89.67,14.42,47.05,28.2,0.3881,-0.0502,-0.34009,89.67,13.36,1.06,0.86,19.13,27.06,47.05,28.57,-0.38,88.99,0.68,0.3881,-0.0502,-0.34009,77.83,89.67,104.54,660,0.8228,3724,554,0.8118,2944,106,0.8,530,106,0.8,530,30,17,0,47,0.6383,True,2026cmptx,FIRST Championship - FIRST Robotics Competition,8.0
1014,2026,Bad Robots,USA,OH,,2003,,,57.71,12.3,1537.0,1525.0,"[-0.82, 0.96]",57.71,10.33,38.63,8.74,0.3734,-0.2388,-0.33757,57.71,10.34,-0.01,3.75,20.4,14.49,38.63,8.06,0.68,57.04,0.67,0.3734,-0.2388,-0.33757,36.62,57.71,57.71,1166,0.6869,3724,970,0.6705,2944,18,0.7,60,418,0.7405,1611,10,14,0,24,0.4167,False,2026cmptx,FIRST Championship - FIRST Robotics Competition,8.0
1259,2026,Paradigm Shift,USA,WI,win,2004,252.0,6.0,140.13,27.36,1756.0,1664.0,"[-0.93, 0.83]",140.13,20.89,82.04,37.2,0.6646,0.0743,-0.34003,140.13,20.95,-0.07,6.67,39.93,35.45,82.04,36.49,0.72,139.48,0.65,0.6646,0.0743,-0.34003,52.31,140.13,151.89,261,0.9299,3724,222,0.9246,2944,4,0.9437,71,4,0.9437,71,37,13,0,50,0.74,True,2026cmptx,FIRST Championship - FIRST Robotics Competition,8.0
1287,2026,Aluminum Assault,USA,SC,fsc,2004,285.0,4.0,83.53,17.43,1605.0,1573.0,"[-0.76, 0.99]",83.53,18.78,47.84,16.91,0.2705,-0.24,-0.34003,83.53,18.8,-0.02,4.79,23.9,19.16,47.84,16.85,0.06,83.49,0.04,0.2705,-0.24,-0.34003,56.27,83.53,84.44,723,0.8059,3724,605,0.7945,2944,4,0.8947,38,4,0.8947,38,40,9,0,49,0.8163,False,2026cmptx,FIRST Championship - FIRST Robotics Competition,8.0
1296,2026,Full Metal Jackets,USA,TX,fit,2004,251.0,10.0,144.35,29.5,1767.0,1669.0,"[-0.88, 0.87]",144.35,26.34,88.68,29.33,0.6099,0.0389,-0.3403,144.35,26.63,-0.29,5.3,44.04,39.34,88.68,28.61,0.72,143.92,0.43,0.6099,0.0389,-0.3403,65.09,144.35,154.04,235,0.9369,3724,199,0.9324,2944,13,0.9222,167,13,0.9274,179,34,17,0,51,0.6667,True,2026cmptx,FIRST Championship - FIRST Robotics Competition,8.0
1625,2026,Winnovation,USA,IL,,2005,,,123.62,14.79,1712.0,1645.0,"[-0.76, 1.0]",123.62,29.06,66.14,28.41,0.6149,-0.0722,-0.33789,123.62,29.51,-0.44,4.5,34.23,27.41,66.14,28.52,-0.11,124.17,-0.55,0.6149,-0.0722,-0.33789,68.22,123.62,123.81,360,0.9033,3724,301,0.8978,2944,9,0.8364,55,104,0.9354,1611,19,12,0,31,0.6129,False,2026cmptx,FIRST Championship - FIRST Robotics Competition,8.0
1701,2026,Robocubs,USA,MI,fim,2005,291.0,12.0,167.6,20.62,1829.0,1705.0,"[-0.91, 0.84]",167.6,43.6,91.19,32.81,0.6371,0.2601,-0.34068,167.6,42.46,1.15,3.41,56.34,31.45,91.19,32.8,0.01,166.45,1.16,0.6371,0.2601,-0.34068,91.72,167.6,172.9,143,0.9616,3724,115,0.9609,2944,21,0.9604,530,21,0.9604,530,43,15,0,58,0.7414,True,2026cmptx,FIRST Championship - FIRST Robotics Competition,8.0
1706,2026,Ratchet Rockers,USA,MO,,2005,,,211.2,21.85,1946.0,1782.0,"[-0.89, 0.88]",211.2,36.28,128.33,46.59,0.7782,-0.0067,-0.33775,211.2,34.66,1.61,11.21,64.77,52.34,128.33,44.61,1.98,207.6,3.6,0.7782,-0.0067,-0.33775,113.3,211.2,218.77,46,0.9876,3724,35,0.9881,2944,3,0.9538,65,15,0.9907,1611,31,0,0,31,1.0,False,2026cmptx,FIRST Championship - FIRST Robotics Competition,8.0
1710,2026,The Ravonics Revolution,USA,KS,,2006,,,148.91,25.89,1780.0,1674.0,"[-0.85, 0.93]",148.91,29.2,84.35,35.36,0.6356,-0.0287,-0.33771,148.91,29.7,-0.51,9.01,40.52,34.81,84.35,34.94,0.42,148.99,-0.08,0.6356,-0.0287,-0.33771,64.89,148.91,155.74,208,0.9441,3724,172,0.9416,2944,1,0.9583,24,55,0.9659,1611,19,11,0,30,0.6333,False,2026cmptx,FIRST Championship - FIRST Robotics Competition,8.0
1732,2026,Hilltopper Robotics,USA,WI,win,2006,337.0,1.0,178.37,25.76,1858.0,1724.0,"[-0.86, 0.89]",178.37,45.73,105.52,27.12,0.7025,0.0126,-0.34005,178.37,45.97,-0.24,16.69,50.35,38.49,105.52,27.57,-0.44,179.05,-0.68,0.7025,0.0126,-0.34005,93.16,178.37,189.57,112,0.9699,3724,90,0.9694,2944,1,0.9859,71,1,0.9859,71,45,8,1,54,0.8426,True,2026cmptx,FIRST Championship - FIRST Robotics Competition,8.0
1787,2026,The Flying Circuits,USA,OH,,2006,,,146.32,26.07,1773.0,1671.0,"[-0.79, 1.0]",146.32,32.57,77.62,36.12,0.4816,-0.0377,-0.33741,146.32,32.28,0.29,7.51,35.14,34.98,77.62,35.36,0.76,145.27,1.05,0.4816,-0.0377,-0.33741,75.6,146.32,148.17,222,0.9404,3724,186,0.9368,2944,5,0.9167,60,60,0.9628,1611,22,8,0,30,0.7333,False,2026cmptx,FIRST Championship - FIRST Robotics Competition,8.0
1986,2026,Team Titanium,USA,MO,,2007,,,156.46,13.85,1800.0,1685.0,"[-0.83, 0.95]",156.46,31.71,95.34,29.41,0.6676,-0.0893,-0.33757,156.46,31.78,-0.07,8.9,49.15,37.28,95.34,29.55,-0.14,156.66,-0.21,0.6676,-0.0893,-0.33757,65.34,156.46,158.11,177,0.9525,3724,145,0.9507,2944,4,0.9385,65,46,0.9714,1611,27,3,0,30,0.9,False,2026cmptx,FIRST Championship - FIRST Robotics Competition,8.0
2056,2026,OP Robotics,Canada,ON,ont,2007,396.0,1.0,316.49,35.43,2226.0,1967.0,"[-0.83, 0.93]",316.49,79.25,183.44,53.8,0.791,0.9147,-0.34002,316.49,78.54,0.72,29.78,87.03,66.62,183.44,54.44,-0.65,316.42,0.07,0.791,0.9147,-0.34002,142.29,316.49,331.13,6,0.9984,3724,2,0.9892,185,2,0.9832,119,2,0.9832,119,48,5,0,53,0.9057,True,2026cmptx,FIRST Championship - FIRST Robotics Competition,8.0
2102,2026,Team Paradox,USA,CA,ca,2007,212.0,21.0,166.52,15.63,1827.0,1703.0,"[-0.89, 0.86]",166.52,25.96,89.94,50.62,0.5943,0.1654,-0.34004,166.52,26.14,-0.19,5.94,46.28,37.72,89.94,50.49,0.13,166.57,-0.06,0.5943,0.1654,-0.34004,55.91,166.52,172.72,150,0.9597,3724,119,0.9596,2944,23,0.921,291,23,0.921,291,33,15,0,48,0.6875,False,2026cmptx,FIRST Championship - FIRST Robotics Competition,8.0
2199,2026,Robo-Lions,USA,MD,fch,2007,210.0,13.0,123.31,22.36,1711.0,1645.0,"[-0.83, 0.92]",123.31,23.62,62.81,36.89,0.5012,0.0637,-0.34004,123.31,23.03,0.59,4.03,28.01,30.76,62.81,36.97,-0.08,122.8,0.51,0.5012,0.0637,-0.34004,57.89,123.31,135.57,363,0.9025,3724,304,0.8967,2944,8,0.7778,36,18,0.8462,117,35,12,0,47,0.7447,False,2026cmptx,FIRST Championship - FIRST Robotics Competition,8.0
2220,2026,Blue Twilight,USA,MN,,2007,,,81.23,14.56,1599.0,1569.0,"[-0.75, 1.01]",81.23,8.01,49.09,24.13,0.4678,-0.1699,-0.33789,81.23,8.37,-0.36,3.47,18.31,27.3,49.09,24.33,-0.2,81.79,-0.56,0.4678,-0.1699,-0.33789,57.84,81.23,81.43,750,0.7986,3724,628,0.7867,2944,28,0.8503,187,248,0.8461,1611,17,13,0,30,0.5667,False,2026cmptx,FIRST Championship - FIRST Robotics Competition,8.0
2383,2026,Ninjineers,USA,FL,,2008,,,143.35,26.51,1765.0,1668.0,"[-0.76, 1.01]",143.35,26.54,82.44,34.37,0.5665,-0.1007,-0.33774,143.35,26.29,0.25,9.78,37.26,35.4,82.44,32.82,1.55,141.55,1.8,0.5665,-0.1007,-0.33774,63.18,143.35,143.35,242,0.935,3724,206,0.93,2944,5,0.9432,88,63,0.9609,1611,19,9,0,28,0.6786,False,2026cmptx,FIRST Championship - FIRST Robotics Competition,8.0
2486,2026,CocoNuts,USA,AZ,,2008,,,94.08,25.98,1633.0,1593.0,"[-0.83, 0.93]",94.08,23.02,51.04,20.02,0.5465,-0.1788,-0.33996,94.08,23.05,-0.03,3.65,25.92,21.47,51.04,20.51,-0.49,94.6,-0.52,0.5465,-0.1788,-0.33996,64.48,94.08,104.89,608,0.8367,3724,510,0.8268,2944,3,0.9231,39,192,0.8808,1611,24,16,0,40,0.6,False,2026cmptx,FIRST Championship - FIRST Robotics Competition,8.0
2607,2026,The Fighting RoboVikings,USA,PA,fma,2008,273.0,6.0,100.6,37.86,1651.0,1605.0,"[-1.0, 0.74]",100.6,24.56,48.4,27.64,0.4664,-0.0638,-0.34006,100.6,23.69,0.86,5.36,21.48,21.56,48.4,28.29,-0.65,100.38,0.21,0.4664,-0.0638,-0.34006,83.28,100.6,124.97,553,0.8515,3724,461,0.8434,2944,16,0.7922,77,23,0.8369,141,43,8,0,51,0.8431,True,2026cmptx,FIRST Championship - FIRST Robotics Competition,8.0
2659,2026,RoboWarriors,USA,CA,ca,2008,190.0,30.0,160.67,23.25,1811.0,1693.0,"[-0.8, 0.96]",160.67,26.87,89.38,44.42,0.4788,0.4154,-0.34,160.67,26.99,-0.12,10.82,42.35,36.22,89.38,45.03,-0.62,161.4,-0.73,0.4788,0.4154,-0.34,55.07,160.67,163.42,165,0.9557,3724,134,0.9545,2944,29,0.9003,291,29,0.9003,291,31,19,0,50,0.62,False,2026cmptx,FIRST Championship - FIRST Robotics Competition,8.0
2834,2026,Bionic Black Hawks,USA,MI,fim,2009,59.0,194.0,51.52,13.07,1520.0,1513.0,"[-0.94, 0.82]",51.52,10.69,25.68,15.14,0.3,-0.2331,-0.33819,51.52,10.7,-0.01,1.19,12.03,12.46,25.68,13.92,1.22,50.31,1.21,0.3,-0.2331,-0.33819,68.74,51.52,56.71,1292,0.6531,3724,1064,0.6386,2944,196,0.6302,530,196,0.6302,530,13,16,0,29,0.4483,False,2026cmptx,FIRST Championship - FIRST Robotics Competition,8.0
3015,2026,Ranger Robotics,USA,NY,,2009,,,203.0,29.01,1924.0,1767.0,"[-0.83, 0.94]",203.0,51.99,111.82,39.2,0.7468,0.1376,-0.33839,203.0,52.28,-0.29,18.05,50.78,43.0,111.82,39.29,-0.09,203.39,-0.38,0.7468,0.1376,-0.33839,71.46,203.0,207.87,61,0.9836,3724,50,0.983,2944,4,0.9737,152,19,0.9882,1611,37,4,0,41,0.9024,False,2026cmptx,FIRST Championship - FIRST Robotics Competition,8.0
3035,2026,Droid Rage,USA,TX,fit,2009,208.0,22.0,124.19,21.72,1714.0,1646.0,"[-0.74, 1.0]",124.19,19.12,71.03,34.04,0.5814,0.0707,-0.34037,124.19,18.56,0.56,4.12,34.53,32.38,71.03,34.54,-0.5,124.13,0.06,0.5814,0.0707,-0.34037,56.92,124.19,124.19,358,0.9039,3724,299,0.8984,2944,21,0.8743,167,21,0.8827,179,37,12,0,49,0.7551,True,2026cmptx,FIRST Championship - FIRST Robotics Competition,8.0
3175,2026,Knight Vision,USA,MI,fim,2010,159.0,77.0,106.85,18.43,1668.0,1616.0,"[-0.77, 0.98]",106.85,20.52,57.97,28.36,0.7223,-0.0316,-0.34032,106.85,20.41,0.11,1.63,34.04,22.3,57.97,28.28,0.08,106.66,0.19,0.7223,-0.0316,-0.34032,80.03,106.85,109.14,495,0.8671,3724,414,0.8594,2944,70,0.8679,530,70,0.8679,530,31,16,0,47,0.6596,True,2026cmptx,FIRST Championship - FIRST Robotics Competition,8.0
3297,2026,Full Metal Jackets,USA,MN,,2010,,,94.75,18.71,1635.0,1594.0,"[-0.8, 0.97]",94.75,18.48,57.88,18.39,0.4756,-0.2311,-0.33757,94.75,19.39,-0.91,5.89,28.77,23.22,57.88,16.68,1.71,93.95,0.8,0.4756,-0.2311,-0.33757,59.64,94.75,98.05,601,0.8386,3724,503,0.8291,2944,19,0.8984,187,190,0.8821,1611,26,8,0,34,0.7647,False,2026cmptx,FIRST Championship - FIRST Robotics Competition,8.0
3467,2026,Windham Windup,USA,NH,ne,2011,362.0,3.0,270.2,37.9,2103.0,1886.0,"[-1.02, 0.71]",270.2,58.49,156.51,55.2,0.6787,0.9415,-0.34194,270.2,58.31,0.18,27.4,74.69,54.42,156.51,55.68,-0.48,270.5,-0.3,0.6787,0.9415,-0.34194,95.34,270.2,313.49,15,0.996,3724,12,0.9959,2944,1,0.98,50,3,0.985,200,67,4,0,71,0.9437,True,2026cmptx,FIRST Championship - FIRST Robotics Competition,8.0
3506,2026,YETI Robotics,USA,NC,fnc,2011,243.0,6.0,112.97,9.44,1684.0,1627.0,"[-0.86, 0.9]",112.97,22.37,63.35,27.26,0.4523,-0.2417,-0.34005,112.97,22.5,-0.13,5.01,32.88,25.45,63.35,27.35,-0.09,113.19,-0.22,0.4523,-0.2417,-0.34005,52.15,112.97,114.96,441,0.8816,3724,370,0.8743,2944,7,0.9213,89,7,0.9213,89,40,9,0,49,0.8163,False,2026cmptx,FIRST Championship - FIRST Robotics Competition,8.0
3512,2026,Spartatroniks,USA,CA,ca,2011,166.0,38.0,141.53,25.11,1760.0,1666.0,"[-0.91, 0.85]",141.53,19.87,80.69,40.96,0.4284,0.2219,-0.34005,141.53,19.42,0.45,10.21,42.71,27.77,80.69,40.07,0.89,140.19,1.34,0.4284,0.2219,-0.34005,53.95,141.53,158.21,252,0.9323,3724,214,0.9273,2944,37,0.8729,291,37,0.8729,291,31,15,0,46,0.6739,False,2026cmptx,FIRST Championship - FIRST Robotics Competition,8.0
3539,2026,Byting Bulldogs,USA,MI,fim,2011,234.0,29.0,179.45,37.14,1861.0,1726.0,"[-0.91, 0.84]",179.45,37.11,99.61,42.73,0.5926,0.0759,-0.34018,179.45,28.43,8.68,9.37,50.4,39.84,99.61,36.3,6.43,164.34,15.11,0.5926,0.0759,-0.34018,76.57,179.45,200.04,103,0.9723,3724,81,0.9725,2944,12,0.9774,530,12,0.9774,530,38,10,0,48,0.7917,True,2026cmptx,FIRST Championship - FIRST Robotics Competition,8.0
3641,2026,The Flying Toasters,USA,MI,fim,2011,253.0,23.0,141.32,28.43,1759.0,1665.0,"[-0.89, 0.86]",141.32,37.27,75.87,28.18,0.5982,-0.026,-0.27406,141.32,36.96,0.31,9.52,33.73,32.62,75.87,27.67,0.51,140.5,0.82,0.5982,-0.026,-0.27406,46.77,141.32,157.82,254,0.9318,3724,216,0.9266,2944,40,0.9245,530,40,0.9245,530,35,17,0,52,0.6731,True,2026cmptx,FIRST Championship - FIRST Robotics Competition,8.0
4143,2026,MARS/WARS,USA,IL,,2012,,,148.52,23.11,1779.0,1674.0,"[-0.74, 1.01]",148.52,28.45,84.1,35.97,0.6467,-0.1685,-0.33807,148.52,28.04,0.41,13.35,32.52,38.24,84.1,36.04,-0.07,148.18,0.34,0.6467,-0.1685,-0.33807,72.65,148.52,148.52,210,0.9436,3724,174,0.9409,2944,5,0.9091,55,56,0.9652,1611,31,3,0,34,0.9118,False,2026cmptx,FIRST Championship - FIRST Robotics Competition,8.0
4174,2026,Mustang Robotics,USA,MN,,2012,,,141.5,22.85,1760.0,1666.0,"[-0.86, 0.91]",141.5,22.72,79.68,39.11,0.6001,-0.2319,-0.33782,141.5,22.56,0.16,12.05,37.47,30.16,79.68,39.87,-0.76,142.1,-0.6,0.6001,-0.2319,-0.33782,57.08,141.5,147.39,253,0.9321,3724,215,0.927,2944,4,0.9786,187,68,0.9578,1611,25,5,0,30,0.8333,False,2026cmptx,FIRST Championship - FIRST Robotics Competition,8.0
4191,2026,IMC,Türkiye,,,2012,,,6.64,15.29,1400.0,1369.0,"[-1.0, 0.76]",6.64,2.17,3.22,1.25,-0.019,-0.2515,-0.33806,6.64,2.24,-0.07,0.8,-1.0,3.42,3.22,1.72,-0.47,7.17,-0.54,-0.019,-0.2515,-0.33806,7.92,6.64,12.65,3611,0.0303,3724,191,0.0498,201,566,0.0487,595,1543,0.0422,1611,10,21,0,31,0.3226,False,2026cmptx,FIRST Championship - FIRST Robotics Competition,8.0
4201,2026,The Vitruvian Bots,USA,CA,ca,2012,218.0,19.0,149.24,24.76,1781.0,1675.0,"[-0.84, 0.92]",149.24,27.36,78.65,43.23,0.5691,0.2184,-0.33988,149.24,27.39,-0.03,10.22,34.55,33.89,78.65,43.44,-0.21,149.48,-0.24,0.5691,0.2184,-0.33988,48.97,149.24,151.06,204,0.9452,3724,170,0.9423,2944,32,0.89,291,32,0.89,291,35,15,0,50,0.7,False,2026cmptx,FIRST Championship - FIRST Robotics Competition,8.0
4613,2026,Barker Redbacks,Australia,,,2013,,,40.32,14.29,1490.0,1489.0,"[-1.13, 0.96]",40.32,7.88,21.33,11.11,0.2092,-0.223,-0.33593,40.32,6.76,1.11,2.23,10.75,8.34,21.33,11.27,-0.16,39.37,0.95,0.2092,-0.223,-0.33593,86.45,40.32,42.82,1683,0.5481,3724,9,0.7692,39,197,0.6689,595,611,0.6207,1611,8,6,0,14,0.5714,False,2026cmptx,FIRST Championship - FIRST Robotics Competition,8.0
4698,2026,Raider Robotics,USA,CA,ca,2013,202.0,28.0,190.0,28.55,1889.0,1744.0,"[-0.86, 0.9]",190.0,44.99,89.92,55.1,0.6656,0.2522,-0.34003,190.0,45.19,-0.21,6.49,48.96,34.46,89.92,54.85,0.24,189.97,0.04,0.6656,0.2522,-0.34003,54.38,190.0,195.46,86,0.9769,3724,68,0.9769,2944,13,0.9553,291,13,0.9553,291,32,18,0,50,0.64,False,2026cmptx,FIRST Championship - FIRST Robotics Competition,8.0
5000,2026,HAMMERHEADS,USA,MA,ne,2014,257.0,8.0,204.44,26.33,1928.0,1770.0,"[-0.75, 1.0]",204.44,40.18,112.36,51.89,0.6516,0.425,-0.3401,204.44,39.35,0.83,10.57,45.37,56.43,112.36,52.36,-0.47,204.07,0.37,0.6516,0.425,-0.3401,56.24,204.44,204.44,59,0.9842,3724,48,0.9837,2944,4,0.9437,71,8,0.96,200,33,19,0,52,0.6346,True,2026cmptx,FIRST Championship - FIRST Robotics Competition,8.0
5086,2026,Cadillac Connectors,USA,MI,fim,2014,194.0,49.0,132.1,27.07,1735.0,1655.0,"[-0.95, 0.81]",132.1,23.25,68.34,40.51,0.749,0.3232,-0.34013,132.1,22.54,0.71,3.38,32.84,32.12,68.34,40.7,-0.19,131.58,0.52,0.749,0.3232,-0.34013,39.39,132.1,153.32,307,0.9176,3724,258,0.9124,2944,48,0.9094,530,48,0.9094,530,32,15,0,47,0.6809,True,2026cmptx,FIRST Championship - FIRST Robotics Competition,8.0
5348,2026,Charger Robotics,USA,MN,,2014,,,85.81,15.7,1611.0,1578.0,"[-0.81, 0.96]",85.81,15.04,48.93,21.84,0.4976,-0.1664,-0.33772,85.81,15.28,-0.24,7.12,22.54,19.27,48.93,16.64,5.2,80.85,4.97,0.4976,-0.1664,-0.33772,57.64,85.81,86.31,702,0.8115,3724,585,0.8013,2944,25,0.8663,187,230,0.8572,1611,21,9,0,30,0.7,False,2026cmptx,FIRST Championship - FIRST Robotics Competition,8.0
5406,2026,Celt-X,Canada,ON,ont,2015,273.0,10.0,174.56,38.66,1848.0,1717.0,"[-1.02, 0.71]",174.56,33.66,103.52,37.38,0.635,0.2731,-0.34002,174.56,34.65,-0.99,18.4,44.07,41.05,103.52,37.01,0.37,175.18,-0.62,0.635,0.2731,-0.34002,89.26,174.56,201.31,125,0.9664,3724,15,0.9189,185,15,0.8739,119,15,0.8739,119,39,11,0,50,0.78,True,2026cmptx,FIRST Championship - FIRST Robotics Competition,8.0
5454,2026,Obsidian,USA,AR,,2015,,,90.4,28.58,1624.0,1586.0,"[-0.74, 1.01]",90.4,15.98,54.29,20.12,0.3191,-0.0924,-0.33816,90.4,15.59,0.39,7.44,31.77,15.09,54.29,17.42,2.7,87.31,3.1,0.3191,-0.0924,-0.33816,49.18,90.4,94.27,651,0.8252,3724,546,0.8145,2944,3,0.625,8,209,0.8703,1611,20,11,0,31,0.6452,False,2026cmptx,FIRST Championship - FIRST Robotics Competition,8.0
6121,2026,RoboVikes,USA,MI,fim,2016,185.0,59.0,104.01,32.77,1660.0,1611.0,"[-0.89, 0.86]",104.01,12.92,60.63,30.46,0.4243,0.0739,-0.34006,104.01,13.34,-0.42,5.91,29.83,24.88,60.63,31.09,-0.63,105.06,-1.05,0.4243,0.0739,-0.34006,53.25,104.01,110.38,515,0.8617,3724,433,0.8529,2944,74,0.8604,530,74,0.8604,530,30,16,0,46,0.6522,True,2026cmptx,FIRST Championship - FIRST Robotics Competition,8.0
6152,2026,Robo-Falcons,USA,MI,fim,2016,181.0,64.0,152.72,15.87,1790.0,1679.0,"[-0.8, 0.96]",152.72,28.91,83.5,40.31,0.5437,0.3347,-0.34004,152.72,28.97,-0.06,10.1,37.74,35.66,83.5,39.64,0.66,152.12,0.6,0.5437,0.3347,-0.34004,42.0,152.72,154.44,191,0.9487,3724,157,0.9467,2944,26,0.9509,530,26,0.9509,530,31,18,0,49,0.6327,True,2026cmptx,FIRST Championship - FIRST Robotics Competition,8.0
6200,2026,PrepaTec - XRAMS,Mexico,,,2016,,,6.0,19.22,1399.0,1366.0,"[-1.18, 0.87]",6.0,4.86,1.84,-0.7,-0.0831,-0.228,-0.33593,6.0,3.92,0.94,-0.23,-0.46,2.53,1.84,-0.73,0.04,5.03,0.97,-0.0831,-0.228,-0.33593,26.15,6.0,16.3,3630,0.0252,3724,84,0.0562,89,570,0.042,595,1552,0.0366,1611,9,7,0,16,0.5625,False,2026cmptx,FIRST Championship - FIRST Robotics Competition,8.0
6328,2026,Mechanical Advantage,USA,MA,ne,2017,341.0,5.0,227.05,38.31,1988.0,1810.0,"[-1.02, 0.71]",227.05,47.24,137.64,42.16,0.6982,0.5097,-0.34014,227.05,47.25,-0.01,21.51,69.69,46.45,137.64,42.54,-0.38,227.44,-0.39,0.6982,0.5097,-0.34014,93.85,227.05,264.9,33,0.9911,3724,26,0.9912,2944,2,0.9718,71,5,0.975,200,44,8,0,52,0.8462,True,2026cmptx,FIRST Championship - FIRST Robotics Competition,8.0
6329,2026,The Bucks' Wrath,USA,ME,ne,2017,353.0,4.0,254.16,26.39,2060.0,1858.0,"[-0.91, 0.84]",254.16,57.26,139.0,57.9,0.6562,0.8199,-0.34012,254.16,57.66,-0.4,23.04,63.16,52.79,139.0,57.35,0.56,254.0,0.16,0.6562,0.8199,-0.34012,97.5,254.16,269.48,18,0.9952,3724,14,0.9952,2944,2,0.875,16,4,0.98,200,46,10,1,57,0.8158,True,2026cmptx,FIRST Championship - FIRST Robotics Competition,8.0
6517,2026,So-Kno Robo,USA,TN,,2017,,,116.01,15.55,1692.0,1633.0,"[-0.83, 0.95]",116.01,21.08,67.03,27.91,0.6479,-0.0939,-0.33765,116.01,20.64,0.44,6.8,31.66,28.57,67.03,28.07,-0.16,115.74,0.27,0.6479,-0.0939,-0.33765,57.21,116.01,116.1,415,0.8886,3724,348,0.8818,2944,3,0.8889,27,125,0.9224,1611,20,10,0,30,0.6667,False,2026cmptx,FIRST Championship - FIRST Robotics Competition,8.0
6639,2026,The Mechanical Minds,USA,NC,fnc,2017,122.0,26.0,51.1,21.71,1519.0,1512.0,"[-0.78, 0.97]",51.1,8.91,28.49,13.7,-0.0969,-0.1788,-0.34,51.1,9.03,-0.11,3.11,14.83,10.56,28.49,13.81,-0.11,51.32,-0.22,-0.0969,-0.1788,-0.34,44.32,51.1,53.51,1307,0.649,3724,1075,0.6349,2944,26,0.7079,89,26,0.7079,89,22,21,0,43,0.5116,False,2026cmptx,FIRST Championship - FIRST Robotics Competition,8.0
7287,2026,Esquimalt Atom Smashers,Canada,BC,,2018,,,31.46,13.27,1467.0,1467.0,"[-0.74, 1.31]",31.46,6.4,17.4,7.66,0.0855,-0.228,-0.33593,31.46,5.78,0.62,2.32,5.34,9.75,17.4,7.85,-0.19,31.03,0.43,0.0855,-0.228,-0.33593,27.08,31.46,31.46,2150,0.4227,3724,121,0.3459,185,7,0.7083,24,820,0.491,1611,6,4,0,10,0.6,False,2026cmptx,FIRST Championship - FIRST Robotics Competition,8.0
7451,2026,AvengerRobotics,USA,GA,pch,2019,140.0,21.0,39.25,12.06,1487.0,1486.0,"[-0.9, 0.86]",39.25,11.48,22.33,5.43,0.0606,-0.246,-0.34005,39.25,11.68,-0.2,1.81,10.4,10.12,22.33,5.56,-0.13,39.58,-0.33,0.0606,-0.246,-0.34005,58.16,39.25,56.92,1743,0.532,3724,1438,0.5115,2944,34,0.5405,74,34,0.5405,74,22,19,1,42,0.5357,False,2026cmptx,FIRST Championship - FIRST Robotics Competition,8.0
8005,2026,Mega MeadowBots,USA,NV,,2020,,,107.64,20.39,1670.0,1617.0,"[-1.02, 0.72]",107.64,25.87,60.34,21.43,0.6316,-0.1137,-0.34008,107.64,25.88,-0.01,3.94,29.17,27.23,60.34,21.45,-0.02,107.66,-0.03,0.6316,-0.1137,-0.34008,40.83,107.64,125.25,491,0.8682,3724,412,0.8601,2944,4,0.8182,22,150,0.9069,1611,32,19,0,51,0.6275,False,2026cmptx,FIRST Championship - FIRST Robotics Competition,8.0
8044,2026,Denham Venom,USA,LA,,2020,,,223.07,26.61,1977.0,1803.0,"[-0.81, 0.95]",223.07,51.27,119.61,52.19,0.6236,0.3391,-0.33955,223.07,49.97,1.3,13.74,63.61,42.25,119.61,52.13,0.06,221.71,1.36,0.6236,0.3391,-0.33955,89.71,223.07,227.87,37,0.9901,3724,28,0.9905,2944,1,0.9737,38,11,0.9932,1611,41,4,0,45,0.9111,False,2026cmptx,FIRST Championship - FIRST Robotics Competition,8.0
8214,2026,Cyber Unicorn,China,,,2020,,,200.99,38.82,1918.0,1764.0,"[-0.97, 1.28]",200.99,42.03,108.28,50.68,0.3901,0.32,-0.33523,200.99,41.95,0.08,1.73,56.66,49.89,108.28,49.6,1.08,199.83,1.16,0.3901,0.32,-0.33523,61.51,200.99,200.99,65,0.9825,3724,1,0.9792,48,4,0.9933,595,20,0.9876,1611,12,0,0,12,1.0,False,2026cmptx,FIRST Championship - FIRST Robotics Competition,8.0
8267,2026,Riptide Robotics 8267,USA,NY,,2020,,,124.23,21.97,1714.0,1646.0,"[-0.81, 0.97]",124.23,28.83,67.1,28.3,0.4334,-0.1693,-0.3375,124.23,28.29,0.53,1.58,37.13,28.39,67.1,28.54,-0.23,123.92,0.3,0.4334,-0.1693,-0.3375,42.02,124.23,128.82,357,0.9041,3724,298,0.8988,2944,9,0.9408,152,102,0.9367,1611,19,11,0,30,0.6333,False,2026cmptx,FIRST Championship - FIRST Robotics Competition,8.0
8513,2026,Sisters 1st,USA,NJ,fma,2021,306.0,3.0,173.3,16.48,1845.0,1715.0,"[-0.94, 0.82]",173.3,50.84,97.76,24.69,0.6448,0.3955,-0.34005,173.3,50.65,0.19,21.17,41.71,34.88,97.76,23.98,0.71,172.4,0.9,0.6448,0.3955,-0.34005,69.21,173.3,178.88,127,0.9659,3724,101,0.9657,2944,3,0.967,91,5,0.9645,141,42,9,0,51,0.8235,True,2026cmptx,FIRST Championship - FIRST Robotics Competition,8.0
8749,2026,Farmersville  Robotics,USA,TX,fit,2022,238.0,13.0,150.19,36.42,1783.0,1676.0,"[-0.79, 0.97]",150.19,27.1,86.59,36.5,0.37,0.1412,-0.34013,150.19,27.68,-0.58,11.46,46.16,28.97,86.59,35.93,0.57,150.2,-0.01,0.37,0.1412,-0.34013,62.41,150.19,152.56,201,0.946,3724,167,0.9433,2944,11,0.9341,167,11,0.9385,179,28,21,0,49,0.5714,True,2026cmptx,FIRST Championship - FIRST Robotics Competition,8.0
9449,2026,Yellowjackets,Canada,AB,,2024,,,76.91,19.96,1588.0,1561.0,"[-0.72, 1.03]",76.91,9.72,51.01,16.18,0.3595,-0.1703,-0.33796,76.91,8.88,0.84,3.5,25.82,21.69,51.01,15.79,0.39,75.68,1.23,0.3595,-0.1703,-0.33796,22.19,76.91,78.33,809,0.7828,3724,54,0.7081,185,2,0.7143,7,271,0.8318,1611,19,11,0,30,0.6333,False,2026cmptx,FIRST Championship - FIRST Robotics Competition,8.0
9692,2026,Sigma,India,,,2024,,,64.13,31.22,1554.0,1537.0,"[-0.93, 0.87]",64.13,10.01,37.53,16.59,0.4066,-0.2332,-0.33727,64.13,9.99,0.01,2.89,16.84,17.8,37.53,16.82,-0.22,64.34,-0.21,0.4066,-0.2332,-0.33727,63.31,64.13,75.56,1023,0.7253,3724,3,0.4,5,107,0.8202,595,359,0.7772,1611,15,12,0,27,0.5556,False,2026cmptx,FIRST Championship - FIRST Robotics Competition,8.0
9785,2026,Alectrona,Canada,ON,ont,2024,332.0,5.0,191.73,33.9,1894.0,1747.0,"[-0.82, 0.94]",191.73,42.92,109.55,39.26,0.6735,0.2328,-0.3401,191.73,43.55,-0.63,14.89,53.02,41.64,109.55,39.14,0.12,192.24,-0.51,0.6735,0.2328,-0.3401,68.89,191.73,194.9,82,0.978,3724,12,0.9351,185,12,0.8992,119,12,0.8992,119,42,15,0,57,0.7368,True,2026cmptx,FIRST Championship - FIRST Robotics Competition,8.0
10131,2026,Royal Turtles,China,,,2025,,,187.9,37.54,1884.0,1741.0,"[-0.95, 0.81]",187.9,23.05,115.24,49.61,0.7029,0.2694,-0.33839,187.9,23.11,-0.06,13.39,48.1,53.75,115.24,49.67,-0.06,188.02,-0.12,0.7029,0.2694,-0.33839,24.22,187.9,200.8,90,0.9758,3724,2,0.9583,48,8,0.9866,595,27,0.9832,1611,30,9,0,39,0.7692,False,2026cmptx,FIRST Championship - FIRST Robotics Competition,8.0
10907,2026,ROBOLYNX,Türkiye,,,2026,,,22.24,21.37,1442.0,1439.0,"[-0.72, 1.14]",22.24,4.07,5.7,12.46,-0.0452,-0.2333,-0.33645,22.24,4.07,-0.0,1.25,0.36,4.1,5.7,12.7,-0.23,22.47,-0.23,-0.0452,-0.2333,-0.33645,23.74,22.24,22.24,2815,0.2441,3724,119,0.408,201,400,0.3277,595,1128,0.2998,1611,10,8,0,18,0.5556,False,2026cmptx,FIRST Championship - FIRST Robotics Competition,8.0
11024,2026,HYPERNOVA,USA,CA,ca,2026,105.0,82.0,25.26,17.37,1450.0,1449.0,"[-0.91, 0.85]",25.26,9.19,9.41,6.67,-0.0655,-0.2449,-0.34004,25.26,9.31,-0.11,-0.61,6.46,3.56,9.41,6.73,-0.06,25.44,-0.18,-0.0655,-0.2449,-0.34004,24.37,25.26,41.26,2563,0.3118,3724,2081,0.2931,2944,217,0.2543,291,217,0.2543,291,17,29,0,46,0.3696,False,2026cmptx,FIRST Championship - FIRST Robotics Competition,8.0
11118,2026,The Baybies,China,,,2026,,,72.67,26.22,1576.0,1553.0,"[-1.0, 1.25]",72.67,11.76,39.78,21.13,0.3803,-0.2288,-0.33523,72.67,11.74,0.01,4.73,18.84,16.21,39.78,20.7,0.43,72.22,0.44,0.3803,-0.2288,-0.33523,23.74,72.67,78.04,879,0.764,3724,20,0.5833,48,90,0.8487,595,297,0.8156,1611,7,5,0,12,0.5833,False,2026cmptx,FIRST Championship - FIRST Robotics Competition,8.0
11270,2026,Nova,Canada,ON,ont,2026,211.0,15.0,117.91,37.51,1697.0,1636.0,"[-0.88, 0.88]",117.91,26.83,67.94,23.14,0.3468,0.0641,-0.3401,117.91,26.82,0.0,8.11,30.7,29.14,67.94,24.02,-0.88,118.79,-0.88,0.3468,0.0641,-0.3401,23.74,117.91,153.34,401,0.8923,3724,28,0.8486,185,25,0.7899,119,25,0.7899,119,27,21,0,48,0.5625,True,2026cmptx,FIRST Championship - FIRST Robotics Competition,8.0
11303,2026,BEZOAR ROBOTICS,Türkiye,,,2026,,,25.42,11.9,1450.0,1450.0,"[-1.23, 0.94]",25.42,5.07,13.68,6.67,0.0845,-0.0463,-0.33571,25.42,5.05,0.01,2.39,4.82,6.47,13.68,6.72,-0.05,25.45,-0.03,0.0845,-0.0463,-0.33571,23.74,25.42,27.71,2554,0.3142,3724,99,0.5075,201,345,0.4202,595,1018,0.3681,1611,4,7,0,11,0.3636,False,,,
11493,2026,Pixel Knights,USA,MI,fim,2026,118.0,115.0,53.35,36.5,1525.0,1516.0,"[-0.92, 0.84]",53.35,11.78,29.41,12.17,0.0031,-0.138,-0.34005,53.35,12.03,-0.25,1.72,14.96,12.73,29.41,11.75,0.42,53.18,0.17,0.0031,-0.138,-0.34005,23.74,53.35,64.5,1261,0.6614,3724,1040,0.6467,2944,192,0.6377,530,192,0.6377,530,19,21,0,40,0.475,True,2026cmptx,FIRST Championship - FIRST Robotics Competition,8.0
